{
  "seed": 42,
  "best_alpha": 0.82,
  "best_acc": 0.6433912493173791,
  "results": {
    "phi-decay": {
      "alpha": 0.618,
      "hops": {
        "1": {
          "mean": 0.6935732323232324,
          "se": 0.014075620435015139
        },
        "2": {
          "mean": 0.6678757355731795,
          "se": 0.009475493343788737
        },
        "3": {
          "mean": 0.6375981638615613,
          "se": 0.00820681622107099
        },
        "4": {
          "mean": 0.6165951340955247,
          "se": 0.010404967311277078
        }
      }
    },
    "empirical": {
      "alpha": 0.7,
      "hops": {
        "1": {
          "mean": 0.6909158075112023,
          "se": 0.01421558235333395
        },
        "2": {
          "mean": 0.6709884849670029,
          "se": 0.009277109756860776
        },
        "3": {
          "mean": 0.6529994997434464,
          "se": 0.008162430092507658
        },
        "4": {
          "mean": 0.6260796041470068,
          "se": 0.010130190320335743
        }
      }
    },
    "rho-decay": {
      "alpha": 0.755,
      "hops": {
        "1": {
          "mean": 0.6920303125237336,
          "se": 0.01388995996622671
        },
        "2": {
          "mean": 0.6742441586170373,
          "se": 0.008892613150971007
        },
        "3": {
          "mean": 0.6535006913429269,
          "se": 0.007959836496482403
        },
        "4": {
          "mean": 0.6387929131305695,
          "se": 0.01028235369474166
        }
      }
    },
    "sigma-decay": {
      "alpha": 0.819,
      "hops": {
        "1": {
          "mean": 0.6872684077618288,
          "se": 0.013968652921237104
        },
        "2": {
          "mean": 0.6752976333357406,
          "se": 0.008896737239471996
        },
        "3": {
          "mean": 0.6578384746157894,
          "se": 0.007807574616924424
        },
        "4": {
          "mean": 0.6396590555837702,
          "se": 0.010506001127856612
        }
      }
    }
  }
}