{
  "A2": {
    "N": 125,
    "lambda_2": 0.027111361872464632,
    "t_star": 36.88490473861586,
    "E_0": 0.009726243649928499,
    "E_d": {
      "1": 0.009635358010180372,
      "2": 0.00943146349812737,
      "3": 0.009156789732000185,
      "4": 0.008886683655807595,
      "5": 0.008639073037502658,
      "6": 0.006798474526503027
    },
    "alpha_eff": 0.6180339887498948,
    "theoretical_alpha": 0.6180339887498948
  },
  "A3": {
    "N": 125,
    "lambda_2": 0.08669925061694925,
    "t_star": 11.534125068948466,
    "E_0": 0.012151880750904587,
    "E_d": {
      "1": 0.011736716429396658,
      "2": 0.010720876298567432,
      "3": 0.007924983901503781
    },
    "alpha_eff": 0.7548776662466928,
    "theoretical_alpha": 0.7548776662466928
  },
  "A4": {
    "N": 125,
    "lambda_2": 0.1967557546403102,
    "t_star": 5.08244346818777,
    "E_0": 0.023367574698017153,
    "E_d": {
      "1": 0.015470741461190513,
      "2": 0.00915153699510543
    },
    "alpha_eff": 0.8191725133961638,
    "theoretical_alpha": 0.8191725133961638
  }
}